"filename", "language", "Shell Script", "Docker", "YAML", "TOML", "Batch", "Gradle", "Markdown", "Java Properties", "XML", "Java", "Rust", "GLSL", "comment", "blank", "total"
"/home/tommicord/Documentos/Proyectos/codevar/codevar/.cargo/config.toml", "TOML", 0, 0, 0, 6, 0, 0, 0, 0, 0, 0, 0, 0, 0, 2, 8
"/home/tommicord/Documentos/Proyectos/codevar/codevar/.github/workflows/rust.yml", "YAML", 0, 0, 34, 0, 0, 0, 0, 0, 0, 0, 0, 0, 0, 3, 37
"/home/tommicord/Documentos/Proyectos/codevar/codevar/.github/workflows/semgrep.yml", "YAML", 0, 0, 21, 0, 0, 0, 0, 0, 0, 0, 0, 0, 0, 4, 25
"/home/tommicord/Documentos/Proyectos/codevar/codevar/.rustfmt.toml", "TOML", 0, 0, 0, 7, 0, 0, 0, 0, 0, 0, 0, 0, 0, 0, 7
"/home/tommicord/Documentos/Proyectos/codevar/codevar/AGENTS.md", "Markdown", 0, 0, 0, 0, 0, 0, 186, 0, 0, 0, 0, 0, 0, 60, 246
"/home/tommicord/Documentos/Proyectos/codevar/codevar/CODE_QUALITY.md", "Markdown", 0, 0, 0, 0, 0, 0, 378, 0, 0, 0, 0, 0, 0, 109, 487
"/home/tommicord/Documentos/Proyectos/codevar/codevar/Cargo-ndk.toml", "TOML", 0, 0, 0, 7, 0, 0, 0, 0, 0, 0, 0, 0, 0, 3, 10
"/home/tommicord/Documentos/Proyectos/codevar/codevar/Cargo.lock", "TOML", 0, 0, 0, 1644, 0, 0, 0, 0, 0, 0, 0, 0, 2, 187, 1833
"/home/tommicord/Documentos/Proyectos/codevar/codevar/Cargo.toml", "TOML", 0, 0, 0, 138, 0, 0, 0, 0, 0, 0, 0, 0, 0, 7, 145
"/home/tommicord/Documentos/Proyectos/codevar/codevar/Dockerfile", "Docker", 0, 19, 0, 0, 0, 0, 0, 0, 0, 0, 0, 0, 0, 11, 30
"/home/tommicord/Documentos/Proyectos/codevar/codevar/README.md", "Markdown", 0, 0, 0, 0, 0, 0, 12, 0, 0, 0, 0, 0, 0, 5, 17
"/home/tommicord/Documentos/Proyectos/codevar/codevar/android/build.gradle", "Gradle", 0, 0, 0, 0, 0, 83, 0, 0, 0, 0, 0, 0, 0, 18, 101
"/home/tommicord/Documentos/Proyectos/codevar/codevar/android/src/main/AndroidManifest.xml", "XML", 0, 0, 0, 0, 0, 0, 0, 0, 21, 0, 0, 0, 0, 2, 23
"/home/tommicord/Documentos/Proyectos/codevar/codevar/android/src/main/java/net/codevar/MainActivity.java", "Java", 0, 0, 0, 0, 0, 0, 0, 0, 0, 13, 0, 0, 0, 4, 17
"/home/tommicord/Documentos/Proyectos/codevar/codevar/android/src/main/res/values/strings.xml", "XML", 0, 0, 0, 0, 0, 0, 0, 0, 3, 0, 0, 0, 0, 1, 4
"/home/tommicord/Documentos/Proyectos/codevar/codevar/build.gradle", "Gradle", 0, 0, 0, 0, 0, 13, 0, 0, 0, 0, 0, 0, 0, 2, 15
"/home/tommicord/Documentos/Proyectos/codevar/codevar/clippy.toml", "TOML", 0, 0, 0, 0, 0, 0, 0, 0, 0, 0, 0, 0, 3, 0, 3
"/home/tommicord/Documentos/Proyectos/codevar/codevar/crates/codevar-base/Cargo.toml", "TOML", 0, 0, 0, 28, 0, 0, 0, 0, 0, 0, 0, 0, 0, 4, 32
"/home/tommicord/Documentos/Proyectos/codevar/codevar/crates/codevar-base/src/basic_base64.rs", "Rust", 0, 0, 0, 0, 0, 0, 0, 0, 0, 0, 644, 0, 252, 69, 965
"/home/tommicord/Documentos/Proyectos/codevar/codevar/crates/codevar-base/src/basic_cpuid.rs", "Rust", 0, 0, 0, 0, 0, 0, 0, 0, 0, 0, 819, 0, 288, 77, 1184
"/home/tommicord/Documentos/Proyectos/codevar/codevar/crates/codevar-base/src/basic_daemon.rs", "Rust", 0, 0, 0, 0, 0, 0, 0, 0, 0, 0, 0, 0, 0, 2, 2
"/home/tommicord/Documentos/Proyectos/codevar/codevar/crates/codevar-base/src/basic_html.rs", "Rust", 0, 0, 0, 0, 0, 0, 0, 0, 0, 0, 4232, 0, 251, 109, 4592
"/home/tommicord/Documentos/Proyectos/codevar/codevar/crates/codevar-base/src/basic_time.rs", "Rust", 0, 0, 0, 0, 0, 0, 0, 0, 0, 0, 298, 0, 133, 51, 482
"/home/tommicord/Documentos/Proyectos/codevar/codevar/crates/codevar-base/src/basic_url.rs", "Rust", 0, 0, 0, 0, 0, 0, 0, 0, 0, 0, 903, 0, 286, 84, 1273
"/home/tommicord/Documentos/Proyectos/codevar/codevar/crates/codevar-base/src/basic_xml.rs", "Rust", 0, 0, 0, 0, 0, 0, 0, 0, 0, 0, 554, 0, 199, 47, 800
"/home/tommicord/Documentos/Proyectos/codevar/codevar/crates/codevar-base/src/lib.rs", "Rust", 0, 0, 0, 0, 0, 0, 0, 0, 0, 0, 9, 0, 14, 3, 26
"/home/tommicord/Documentos/Proyectos/codevar/codevar/crates/codevar-console-util/Cargo.toml", "TOML", 0, 0, 0, 21, 0, 0, 0, 0, 0, 0, 0, 0, 0, 4, 25
"/home/tommicord/Documentos/Proyectos/codevar/codevar/crates/codevar-console-util/src/console_ansi.rs", "Rust", 0, 0, 0, 0, 0, 0, 0, 0, 0, 0, 418, 0, 162, 56, 636
"/home/tommicord/Documentos/Proyectos/codevar/codevar/crates/codevar-console-util/src/console_clear.rs", "Rust", 0, 0, 0, 0, 0, 0, 0, 0, 0, 0, 213, 0, 48, 41, 302
"/home/tommicord/Documentos/Proyectos/codevar/codevar/crates/codevar-console-util/src/console_cursor.rs", "Rust", 0, 0, 0, 0, 0, 0, 0, 0, 0, 0, 190, 0, 44, 38, 272
"/home/tommicord/Documentos/Proyectos/codevar/codevar/crates/codevar-console-util/src/console_style.rs", "Rust", 0, 0, 0, 0, 0, 0, 0, 0, 0, 0, 688, 0, 81, 98, 867
"/home/tommicord/Documentos/Proyectos/codevar/codevar/crates/codevar-console-util/src/console_terminal.rs", "Rust", 0, 0, 0, 0, 0, 0, 0, 0, 0, 0, 392, 0, 42, 67, 501
"/home/tommicord/Documentos/Proyectos/codevar/codevar/crates/codevar-console-util/src/lib.rs", "Rust", 0, 0, 0, 0, 0, 0, 0, 0, 0, 0, 307, 0, 96, 43, 446
"/home/tommicord/Documentos/Proyectos/codevar/codevar/crates/codevar-dbus/Cargo.toml", "TOML", 0, 0, 0, 12, 0, 0, 0, 0, 0, 0, 0, 0, 0, 3, 15
"/home/tommicord/Documentos/Proyectos/codevar/codevar/crates/codevar-dbus/src/dbus_addr.rs", "Rust", 0, 0, 0, 0, 0, 0, 0, 0, 0, 0, 188, 0, 59, 24, 271
"/home/tommicord/Documentos/Proyectos/codevar/codevar/crates/codevar-dbus/src/dbus_auth.rs", "Rust", 0, 0, 0, 0, 0, 0, 0, 0, 0, 0, 229, 0, 70, 24, 323
"/home/tommicord/Documentos/Proyectos/codevar/codevar/crates/codevar-dbus/src/dbus_conn.rs", "Rust", 0, 0, 0, 0, 0, 0, 0, 0, 0, 0, 612, 0, 200, 62, 874
"/home/tommicord/Documentos/Proyectos/codevar/codevar/crates/codevar-dbus/src/dbus_error.rs", "Rust", 0, 0, 0, 0, 0, 0, 0, 0, 0, 0, 144, 0, 47, 24, 215
"/home/tommicord/Documentos/Proyectos/codevar/codevar/crates/codevar-dbus/src/dbus_marshal.rs", "Rust", 0, 0, 0, 0, 0, 0, 0, 0, 0, 0, 619, 0, 240, 92, 951
"/home/tommicord/Documentos/Proyectos/codevar/codevar/crates/codevar-dbus/src/dbus_message.rs", "Rust", 0, 0, 0, 0, 0, 0, 0, 0, 0, 0, 1438, 0, 342, 134, 1914
"/home/tommicord/Documentos/Proyectos/codevar/codevar/crates/codevar-dbus/src/dbus_names.rs", "Rust", 0, 0, 0, 0, 0, 0, 0, 0, 0, 0, 216, 0, 75, 24, 315
"/home/tommicord/Documentos/Proyectos/codevar/codevar/crates/codevar-dbus/src/dbus_signature.rs", "Rust", 0, 0, 0, 0, 0, 0, 0, 0, 0, 0, 300, 0, 72, 34, 406
"/home/tommicord/Documentos/Proyectos/codevar/codevar/crates/codevar-dbus/src/dbus_transport.rs", "Rust", 0, 0, 0, 0, 0, 0, 0, 0, 0, 0, 127, 0, 110, 27, 264
"/home/tommicord/Documentos/Proyectos/codevar/codevar/crates/codevar-dbus/src/dbus_unix.rs", "Rust", 0, 0, 0, 0, 0, 0, 0, 0, 0, 0, 483, 0, 170, 40, 693
"/home/tommicord/Documentos/Proyectos/codevar/codevar/crates/codevar-dbus/src/lib.rs", "Rust", 0, 0, 0, 0, 0, 0, 0, 0, 0, 0, 41, 0, 42, 7, 90
"/home/tommicord/Documentos/Proyectos/codevar/codevar/crates/codevar-env/Cargo.toml", "TOML", 0, 0, 0, 19, 0, 0, 0, 0, 0, 0, 0, 0, 0, 4, 23
"/home/tommicord/Documentos/Proyectos/codevar/codevar/crates/codevar-env/src/lib.rs", "Rust", 0, 0, 0, 0, 0, 0, 0, 0, 0, 0, 480, 0, 379, 57, 916
"/home/tommicord/Documentos/Proyectos/codevar/codevar/crates/codevar-fcware/Cargo.toml", "TOML", 0, 0, 0, 22, 0, 0, 0, 0, 0, 0, 0, 0, 0, 6, 28
"/home/tommicord/Documentos/Proyectos/codevar/codevar/crates/codevar-fcware/src/compression.rs", "Rust", 0, 0, 0, 0, 0, 0, 0, 0, 0, 0, 234, 0, 59, 29, 322
"/home/tommicord/Documentos/Proyectos/codevar/codevar/crates/codevar-fcware/src/compression_bits.rs", "Rust", 0, 0, 0, 0, 0, 0, 0, 0, 0, 0, 175, 0, 41, 22, 238
"/home/tommicord/Documentos/Proyectos/codevar/codevar/crates/codevar-fcware/src/compression_bitward.rs", "Rust", 0, 0, 0, 0, 0, 0, 0, 0, 0, 0, 229, 0, 18, 12, 259
"/home/tommicord/Documentos/Proyectos/codevar/codevar/crates/codevar-fcware/src/compression_delta.rs", "Rust", 0, 0, 0, 0, 0, 0, 0, 0, 0, 0, 140, 0, 22, 8, 170
"/home/tommicord/Documentos/Proyectos/codevar/codevar/crates/codevar-fcware/src/compression_dysu.rs", "Rust", 0, 0, 0, 0, 0, 0, 0, 0, 0, 0, 337, 0, 26, 17, 380
"/home/tommicord/Documentos/Proyectos/codevar/codevar/crates/codevar-fcware/src/compression_error.rs", "Rust", 0, 0, 0, 0, 0, 0, 0, 0, 0, 0, 126, 0, 37, 26, 189
"/home/tommicord/Documentos/Proyectos/codevar/codevar/crates/codevar-fcware/src/compression_frame.rs", "Rust", 0, 0, 0, 0, 0, 0, 0, 0, 0, 0, 186, 0, 42, 17, 245
"/home/tommicord/Documentos/Proyectos/codevar/codevar/crates/codevar-fcware/src/compression_huffman.rs", "Rust", 0, 0, 0, 0, 0, 0, 0, 0, 0, 0, 176, 0, 18, 10, 204
"/home/tommicord/Documentos/Proyectos/codevar/codevar/crates/codevar-fcware/src/compression_lzmatch.rs", "Rust", 0, 0, 0, 0, 0, 0, 0, 0, 0, 0, 115, 0, 30, 13, 158
"/home/tommicord/Documentos/Proyectos/codevar/codevar/crates/codevar-fcware/src/compression_stream.rs", "Rust", 0, 0, 0, 0, 0, 0, 0, 0, 0, 0, 217, 0, 37, 22, 276
"/home/tommicord/Documentos/Proyectos/codevar/codevar/crates/codevar-fcware/src/compression_valmap.rs", "Rust", 0, 0, 0, 0, 0, 0, 0, 0, 0, 0, 190, 0, 28, 16, 234
"/home/tommicord/Documentos/Proyectos/codevar/codevar/crates/codevar-fcware/src/lib.rs", "Rust", 0, 0, 0, 0, 0, 0, 0, 0, 0, 0, 19, 0, 19, 7, 45
"/home/tommicord/Documentos/Proyectos/codevar/codevar/crates/codevar-io/Cargo.toml", "TOML", 0, 0, 0, 23, 0, 0, 0, 0, 0, 0, 0, 0, 0, 4, 27
"/home/tommicord/Documentos/Proyectos/codevar/codevar/crates/codevar-io/src/io_async_traits.rs", "Rust", 0, 0, 0, 0, 0, 0, 0, 0, 0, 0, 96, 0, 136, 24, 256
"/home/tommicord/Documentos/Proyectos/codevar/codevar/crates/codevar-io/src/io_cursor.rs", "Rust", 0, 0, 0, 0, 0, 0, 0, 0, 0, 0, 583, 0, 70, 79, 732
"/home/tommicord/Documentos/Proyectos/codevar/codevar/crates/codevar-io/src/io_error.rs", "Rust", 0, 0, 0, 0, 0, 0, 0, 0, 0, 0, 608, 0, 400, 81, 1089
"/home/tommicord/Documentos/Proyectos/codevar/codevar/crates/codevar-io/src/io_fallback.rs", "Rust", 0, 0, 0, 0, 0, 0, 0, 0, 0, 0, 185, 0, 61, 52, 298
"/home/tommicord/Documentos/Proyectos/codevar/codevar/crates/codevar-io/src/io_impls.rs", "Rust", 0, 0, 0, 0, 0, 0, 0, 0, 0, 0, 235, 0, 14, 30, 279
"/home/tommicord/Documentos/Proyectos/codevar/codevar/crates/codevar-io/src/io_std.rs", "Rust", 0, 0, 0, 0, 0, 0, 0, 0, 0, 0, 10, 0, 26, 4, 40
"/home/tommicord/Documentos/Proyectos/codevar/codevar/crates/codevar-io/src/io_terminal.rs", "Rust", 0, 0, 0, 0, 0, 0, 0, 0, 0, 0, 308, 0, 70, 47, 425
"/home/tommicord/Documentos/Proyectos/codevar/codevar/crates/codevar-io/src/io_traits.rs", "Rust", 0, 0, 0, 0, 0, 0, 0, 0, 0, 0, 153, 0, 175, 30, 358
"/home/tommicord/Documentos/Proyectos/codevar/codevar/crates/codevar-io/src/io_unix.rs", "Rust", 0, 0, 0, 0, 0, 0, 0, 0, 0, 0, 277, 0, 62, 51, 390
"/home/tommicord/Documentos/Proyectos/codevar/codevar/crates/codevar-io/src/io_wasi.rs", "Rust", 0, 0, 0, 0, 0, 0, 0, 0, 0, 0, 268, 0, 43, 49, 360
"/home/tommicord/Documentos/Proyectos/codevar/codevar/crates/codevar-io/src/io_windows.rs", "Rust", 0, 0, 0, 0, 0, 0, 0, 0, 0, 0, 708, 0, 55, 96, 859
"/home/tommicord/Documentos/Proyectos/codevar/codevar/crates/codevar-io/src/lib.rs", "Rust", 0, 0, 0, 0, 0, 0, 0, 0, 0, 0, 32, 0, 23, 15, 70
"/home/tommicord/Documentos/Proyectos/codevar/codevar/crates/codevar-launcher/Cargo.toml", "TOML", 0, 0, 0, 21, 0, 0, 0, 0, 0, 0, 0, 0, 0, 2, 23
"/home/tommicord/Documentos/Proyectos/codevar/codevar/crates/codevar-launcher/src/bin/main.rs", "Rust", 0, 0, 0, 0, 0, 0, 0, 0, 0, 0, 9, 0, 15, 4, 28
"/home/tommicord/Documentos/Proyectos/codevar/codevar/crates/codevar-launcher/src/lib.rs", "Rust", 0, 0, 0, 0, 0, 0, 0, 0, 0, 0, 2, 0, 15, 2, 19
"/home/tommicord/Documentos/Proyectos/codevar/codevar/crates/codevar-logger/Cargo.toml", "TOML", 0, 0, 0, 20, 0, 0, 0, 0, 0, 0, 0, 0, 0, 3, 23
"/home/tommicord/Documentos/Proyectos/codevar/codevar/crates/codevar-logger/src/lib.rs", "Rust", 0, 0, 0, 0, 0, 0, 0, 0, 0, 0, 462, 0, 108, 74, 644
"/home/tommicord/Documentos/Proyectos/codevar/codevar/crates/codevar-pathbuf/Cargo.toml", "TOML", 0, 0, 0, 21, 0, 0, 0, 0, 0, 0, 0, 0, 0, 4, 25
"/home/tommicord/Documentos/Proyectos/codevar/codevar/crates/codevar-pathbuf/src/lib.rs", "Rust", 0, 0, 0, 0, 0, 0, 0, 0, 0, 0, 1333, 0, 321, 147, 1801
"/home/tommicord/Documentos/Proyectos/codevar/codevar/crates/codevar-pretty-unwind/Cargo.toml", "TOML", 0, 0, 0, 29, 0, 0, 0, 0, 0, 0, 0, 0, 0, 4, 33
"/home/tommicord/Documentos/Proyectos/codevar/codevar/crates/codevar-pretty-unwind/src/lib.rs", "Rust", 0, 0, 0, 0, 0, 0, 0, 0, 0, 0, 227, 0, 77, 22, 326
"/home/tommicord/Documentos/Proyectos/codevar/codevar/crates/codevar-sig-handler/Cargo.toml", "TOML", 0, 0, 0, 29, 0, 0, 0, 0, 0, 0, 0, 0, 0, 4, 33
"/home/tommicord/Documentos/Proyectos/codevar/codevar/crates/codevar-sig-handler/src/lib.rs", "Rust", 0, 0, 0, 0, 0, 0, 0, 0, 0, 0, 1009, 0, 346, 119, 1474
"/home/tommicord/Documentos/Proyectos/codevar/codevar/crates/codevar-sig-module-base/Cargo.toml", "TOML", 0, 0, 0, 25, 0, 0, 0, 0, 0, 0, 0, 0, 0, 4, 29
"/home/tommicord/Documentos/Proyectos/codevar/codevar/crates/codevar-sig-module-base/src/lib.rs", "Rust", 0, 0, 0, 0, 0, 0, 0, 0, 0, 0, 223, 0, 65, 29, 317
"/home/tommicord/Documentos/Proyectos/codevar/codevar/crates/codevar-textlike-encode/Cargo.toml", "TOML", 0, 0, 0, 18, 0, 0, 0, 0, 0, 0, 0, 0, 0, 5, 23
"/home/tommicord/Documentos/Proyectos/codevar/codevar/crates/codevar-textlike-encode/src/encoding.rs", "Rust", 0, 0, 0, 0, 0, 0, 0, 0, 0, 0, 1233, 0, 25, 91, 1349
"/home/tommicord/Documentos/Proyectos/codevar/codevar/crates/codevar-textlike-encode/src/encoding_ascii.rs", "Rust", 0, 0, 0, 0, 0, 0, 0, 0, 0, 0, 398, 0, 16, 36, 450
"/home/tommicord/Documentos/Proyectos/codevar/codevar/crates/codevar-textlike-encode/src/encoding_handles.rs", "Rust", 0, 0, 0, 0, 0, 0, 0, 0, 0, 0, 1165, 0, 18, 36, 1219
"/home/tommicord/Documentos/Proyectos/codevar/codevar/crates/codevar-textlike-encode/src/encoding_single_byte.rs", "Rust", 0, 0, 0, 0, 0, 0, 0, 0, 0, 0, 452, 0, 115, 29, 596
"/home/tommicord/Documentos/Proyectos/codevar/codevar/crates/codevar-textlike-encode/src/encoding_utf16.rs", "Rust", 0, 0, 0, 0, 0, 0, 0, 0, 0, 0, 417, 0, 14, 21, 452
"/home/tommicord/Documentos/Proyectos/codevar/codevar/crates/codevar-textlike-encode/src/encoding_utf8.rs", "Rust", 0, 0, 0, 0, 0, 0, 0, 0, 0, 0, 1014, 0, 29, 38, 1081
"/home/tommicord/Documentos/Proyectos/codevar/codevar/crates/codevar-textlike-encode/src/lib.rs", "Rust", 0, 0, 0, 0, 0, 0, 0, 0, 0, 0, 7, 0, 14, 3, 24
"/home/tommicord/Documentos/Proyectos/codevar/codevar/crates/codevar-time-core/Cargo.toml", "TOML", 0, 0, 0, 15, 0, 0, 0, 0, 0, 0, 0, 0, 0, 2, 17
"/home/tommicord/Documentos/Proyectos/codevar/codevar/crates/codevar-time-core/src/lib.rs", "Rust", 0, 0, 0, 0, 0, 0, 0, 0, 0, 0, 838, 0, 522, 116, 1476
"/home/tommicord/Documentos/Proyectos/codevar/codevar/crates/codevar-time-util/Cargo.toml", "TOML", 0, 0, 0, 22, 0, 0, 0, 0, 0, 0, 0, 0, 0, 3, 25
"/home/tommicord/Documentos/Proyectos/codevar/codevar/crates/codevar-time-util/src/date.rs", "Rust", 0, 0, 0, 0, 0, 0, 0, 0, 0, 0, 1689, 0, 308, 220, 2217
"/home/tommicord/Documentos/Proyectos/codevar/codevar/crates/codevar-time-util/src/date_adt_hack.rs", "Rust", 0, 0, 0, 0, 0, 0, 0, 0, 0, 0, 122, 0, 35, 10, 167
"/home/tommicord/Documentos/Proyectos/codevar/codevar/crates/codevar-time-util/src/date_component_provider.rs", "Rust", 0, 0, 0, 0, 0, 0, 0, 0, 0, 0, 457, 0, 70, 83, 610
"/home/tommicord/Documentos/Proyectos/codevar/codevar/crates/codevar-time-util/src/date_error.rs", "Rust", 0, 0, 0, 0, 0, 0, 0, 0, 0, 0, 307, 0, 38, 45, 390
"/home/tommicord/Documentos/Proyectos/codevar/codevar/crates/codevar-time-util/src/date_format_description.rs", "Rust", 0, 0, 0, 0, 0, 0, 0, 0, 0, 0, 671, 0, 128, 18, 817
"/home/tommicord/Documentos/Proyectos/codevar/codevar/crates/codevar-time-util/src/date_format_description_modifier.rs", "Rust", 0, 0, 0, 0, 0, 0, 0, 0, 0, 0, 566, 0, 238, 91, 895
"/home/tommicord/Documentos/Proyectos/codevar/codevar/crates/codevar-time-util/src/date_formattable.rs", "Rust", 0, 0, 0, 0, 0, 0, 0, 0, 0, 0, 353, 0, 33, 20, 406
"/home/tommicord/Documentos/Proyectos/codevar/codevar/crates/codevar-time-util/src/date_formatting.rs", "Rust", 0, 0, 0, 0, 0, 0, 0, 0, 0, 0, 786, 0, 110, 66, 962
"/home/tommicord/Documentos/Proyectos/codevar/codevar/crates/codevar-time-util/src/date_internal_macro.rs", "Rust", 0, 0, 0, 0, 0, 0, 0, 0, 0, 0, 170, 0, 40, 15, 225
"/home/tommicord/Documentos/Proyectos/codevar/codevar/crates/codevar-time-util/src/date_iso8601.rs", "Rust", 0, 0, 0, 0, 0, 0, 0, 0, 0, 0, 191, 0, 27, 17, 235
"/home/tommicord/Documentos/Proyectos/codevar/codevar/crates/codevar-time-util/src/date_metadata.rs", "Rust", 0, 0, 0, 0, 0, 0, 0, 0, 0, 0, 211, 0, 26, 21, 258
"/home/tommicord/Documentos/Proyectos/codevar/codevar/crates/codevar-time-util/src/date_month.rs", "Rust", 0, 0, 0, 0, 0, 0, 0, 0, 0, 0, 353, 0, 25, 34, 412
"/home/tommicord/Documentos/Proyectos/codevar/codevar/crates/codevar-time-util/src/date_num_fmt.rs", "Rust", 0, 0, 0, 0, 0, 0, 0, 0, 0, 0, 381, 0, 170, 79, 630
"/home/tommicord/Documentos/Proyectos/codevar/codevar/crates/codevar-time-util/src/date_offset_time.rs", "Rust", 0, 0, 0, 0, 0, 0, 0, 0, 0, 0, 639, 0, 159, 117, 915
"/home/tommicord/Documentos/Proyectos/codevar/codevar/crates/codevar-time-util/src/date_plain.rs", "Rust", 0, 0, 0, 0, 0, 0, 0, 0, 0, 0, 785, 0, 149, 124, 1058
"/home/tommicord/Documentos/Proyectos/codevar/codevar/crates/codevar-time-util/src/date_signed_duration.rs", "Rust", 0, 0, 0, 0, 0, 0, 0, 0, 0, 0, 1449, 0, 290, 206, 1945
"/home/tommicord/Documentos/Proyectos/codevar/codevar/crates/codevar-time-util/src/date_time.rs", "Rust", 0, 0, 0, 0, 0, 0, 0, 0, 0, 0, 908, 0, 142, 140, 1190
"/home/tommicord/Documentos/Proyectos/codevar/codevar/crates/codevar-time-util/src/date_timestamp.rs", "Rust", 0, 0, 0, 0, 0, 0, 0, 0, 0, 0, 762, 0, 200, 137, 1099
"/home/tommicord/Documentos/Proyectos/codevar/codevar/crates/codevar-time-util/src/date_unit.rs", "Rust", 0, 0, 0, 0, 0, 0, 0, 0, 0, 0, 260, 0, 23, 24, 307
"/home/tommicord/Documentos/Proyectos/codevar/codevar/crates/codevar-time-util/src/date_utc_offset.rs", "Rust", 0, 0, 0, 0, 0, 0, 0, 0, 0, 0, 519, 0, 105, 67, 691
"/home/tommicord/Documentos/Proyectos/codevar/codevar/crates/codevar-time-util/src/date_utc_time.rs", "Rust", 0, 0, 0, 0, 0, 0, 0, 0, 0, 0, 524, 0, 162, 95, 781
"/home/tommicord/Documentos/Proyectos/codevar/codevar/crates/codevar-time-util/src/date_util.rs", "Rust", 0, 0, 0, 0, 0, 0, 0, 0, 0, 0, 264, 0, 55, 31, 350
"/home/tommicord/Documentos/Proyectos/codevar/codevar/crates/codevar-time-util/src/date_weekday.rs", "Rust", 0, 0, 0, 0, 0, 0, 0, 0, 0, 0, 254, 0, 32, 28, 314
"/home/tommicord/Documentos/Proyectos/codevar/codevar/crates/codevar-time-util/src/date_well_know_iso8601.rs", "Rust", 0, 0, 0, 0, 0, 0, 0, 0, 0, 0, 138, 0, 102, 19, 259
"/home/tommicord/Documentos/Proyectos/codevar/codevar/crates/codevar-time-util/src/date_well_know_rfc2822.rs", "Rust", 0, 0, 0, 0, 0, 0, 0, 0, 0, 0, 2, 0, 18, 3, 23
"/home/tommicord/Documentos/Proyectos/codevar/codevar/crates/codevar-time-util/src/date_well_know_rfc3339.rs", "Rust", 0, 0, 0, 0, 0, 0, 0, 0, 0, 0, 2, 0, 18, 3, 23
"/home/tommicord/Documentos/Proyectos/codevar/codevar/crates/codevar-time-util/src/lib.rs", "Rust", 0, 0, 0, 0, 0, 0, 0, 0, 0, 0, 118, 0, 19, 11, 148
"/home/tommicord/Documentos/Proyectos/codevar/codevar/crates/codevar-tls/Cargo.toml", "TOML", 0, 0, 0, 33, 0, 0, 0, 0, 0, 0, 0, 0, 0, 4, 37
"/home/tommicord/Documentos/Proyectos/codevar/codevar/crates/codevar-tls/src/lib.rs", "Rust", 0, 0, 0, 0, 0, 0, 0, 0, 0, 0, 40, 0, 14, 3, 57
"/home/tommicord/Documentos/Proyectos/codevar/codevar/crates/codevar-tls/src/tls_aead.rs", "Rust", 0, 0, 0, 0, 0, 0, 0, 0, 0, 0, 142, 0, 27, 18, 187
"/home/tommicord/Documentos/Proyectos/codevar/codevar/crates/codevar-tls/src/tls_alert.rs", "Rust", 0, 0, 0, 0, 0, 0, 0, 0, 0, 0, 262, 0, 58, 28, 348
"/home/tommicord/Documentos/Proyectos/codevar/codevar/crates/codevar-tls/src/tls_cert.rs", "Rust", 0, 0, 0, 0, 0, 0, 0, 0, 0, 0, 616, 0, 119, 75, 810
"/home/tommicord/Documentos/Proyectos/codevar/codevar/crates/codevar-tls/src/tls_client.rs", "Rust", 0, 0, 0, 0, 0, 0, 0, 0, 0, 0, 612, 0, 68, 49, 729
"/home/tommicord/Documentos/Proyectos/codevar/codevar/crates/codevar-tls/src/tls_codec.rs", "Rust", 0, 0, 0, 0, 0, 0, 0, 0, 0, 0, 392, 0, 41, 51, 484
"/home/tommicord/Documentos/Proyectos/codevar/codevar/crates/codevar-tls/src/tls_connection.rs", "Rust", 0, 0, 0, 0, 0, 0, 0, 0, 0, 0, 541, 0, 79, 56, 676
"/home/tommicord/Documentos/Proyectos/codevar/codevar/crates/codevar-tls/src/tls_connection_conf.rs", "Rust", 0, 0, 0, 0, 0, 0, 0, 0, 0, 0, 431, 0, 66, 46, 543
"/home/tommicord/Documentos/Proyectos/codevar/codevar/crates/codevar-tls/src/tls_crypto_aes_gcm.rs", "Rust", 0, 0, 0, 0, 0, 0, 0, 0, 0, 0, 322, 0, 26, 35, 383
"/home/tommicord/Documentos/Proyectos/codevar/codevar/crates/codevar-tls/src/tls_crypto_chacha20poly1305.rs", "Rust", 0, 0, 0, 0, 0, 0, 0, 0, 0, 0, 377, 0, 40, 43, 460
"/home/tommicord/Documentos/Proyectos/codevar/codevar/crates/codevar-tls/src/tls_crypto_ct.rs", "Rust", 0, 0, 0, 0, 0, 0, 0, 0, 0, 0, 104, 0, 53, 16, 173
"/home/tommicord/Documentos/Proyectos/codevar/codevar/crates/codevar-tls/src/tls_crypto_device.rs", "Rust", 0, 0, 0, 0, 0, 0, 0, 0, 0, 0, 127, 0, 30, 16, 173
"/home/tommicord/Documentos/Proyectos/codevar/codevar/crates/codevar-tls/src/tls_crypto_hash.rs", "Rust", 0, 0, 0, 0, 0, 0, 0, 0, 0, 0, 122, 0, 26, 19, 167
"/home/tommicord/Documentos/Proyectos/codevar/codevar/crates/codevar-tls/src/tls_crypto_random.rs", "Rust", 0, 0, 0, 0, 0, 0, 0, 0, 0, 0, 173, 0, 33, 30, 236
"/home/tommicord/Documentos/Proyectos/codevar/codevar/crates/codevar-tls/src/tls_error.rs", "Rust", 0, 0, 0, 0, 0, 0, 0, 0, 0, 0, 215, 0, 38, 22, 275
"/home/tommicord/Documentos/Proyectos/codevar/codevar/crates/codevar-tls/src/tls_extensions.rs", "Rust", 0, 0, 0, 0, 0, 0, 0, 0, 0, 0, 715, 0, 65, 75, 855
"/home/tommicord/Documentos/Proyectos/codevar/codevar/crates/codevar-tls/src/tls_handshake.rs", "Rust", 0, 0, 0, 0, 0, 0, 0, 0, 0, 0, 918, 0, 131, 92, 1141
"/home/tommicord/Documentos/Proyectos/codevar/codevar/crates/codevar-tls/src/tls_hkdf.rs", "Rust", 0, 0, 0, 0, 0, 0, 0, 0, 0, 0, 273, 0, 38, 27, 338
"/home/tommicord/Documentos/Proyectos/codevar/codevar/crates/codevar-tls/src/tls_ids.rs", "Rust", 0, 0, 0, 0, 0, 0, 0, 0, 0, 0, 766, 0, 140, 80, 986
"/home/tommicord/Documentos/Proyectos/codevar/codevar/crates/codevar-tls/src/tls_key_schedule.rs", "Rust", 0, 0, 0, 0, 0, 0, 0, 0, 0, 0, 506, 0, 83, 58, 647
"/home/tommicord/Documentos/Proyectos/codevar/codevar/crates/codevar-tls/src/tls_kx.rs", "Rust", 0, 0, 0, 0, 0, 0, 0, 0, 0, 0, 239, 0, 30, 27, 296
"/home/tommicord/Documentos/Proyectos/codevar/codevar/crates/codevar-tls/src/tls_prf.rs", "Rust", 0, 0, 0, 0, 0, 0, 0, 0, 0, 0, 241, 0, 28, 21, 290
"/home/tommicord/Documentos/Proyectos/codevar/codevar/crates/codevar-tls/src/tls_record.rs", "Rust", 0, 0, 0, 0, 0, 0, 0, 0, 0, 0, 698, 0, 57, 73, 828
"/home/tommicord/Documentos/Proyectos/codevar/codevar/crates/codevar-tls/src/tls_server.rs", "Rust", 0, 0, 0, 0, 0, 0, 0, 0, 0, 0, 593, 0, 57, 61, 711
"/home/tommicord/Documentos/Proyectos/codevar/codevar/crates/codevar-tls/src/tls_sign.rs", "Rust", 0, 0, 0, 0, 0, 0, 0, 0, 0, 0, 685, 0, 73, 68, 826
"/home/tommicord/Documentos/Proyectos/codevar/codevar/crates/codevar-tls/src/tls_stream.rs", "Rust", 0, 0, 0, 0, 0, 0, 0, 0, 0, 0, 536, 0, 56, 56, 648
"/home/tommicord/Documentos/Proyectos/codevar/codevar/crates/codevar-tls/src/tls_transcript.rs", "Rust", 0, 0, 0, 0, 0, 0, 0, 0, 0, 0, 156, 0, 29, 28, 213
"/home/tommicord/Documentos/Proyectos/codevar/codevar/crates/codevar-tls/tests/handshake.rs", "Rust", 0, 0, 0, 0, 0, 0, 0, 0, 0, 0, 333, 0, 37, 37, 407
"/home/tommicord/Documentos/Proyectos/codevar/codevar/crates/codevar-truetype-autofit/Cargo.toml", "TOML", 0, 0, 0, 13, 0, 0, 0, 0, 0, 0, 0, 0, 0, 3, 16
"/home/tommicord/Documentos/Proyectos/codevar/codevar/crates/codevar-truetype-autofit/src/lib.rs", "Rust", 0, 0, 0, 0, 0, 0, 0, 0, 0, 0, 382, 0, 271, 47, 700
"/home/tommicord/Documentos/Proyectos/codevar/codevar/crates/codevar-truetype-cff/Cargo.toml", "TOML", 0, 0, 0, 16, 0, 0, 0, 0, 0, 0, 0, 0, 0, 3, 19
"/home/tommicord/Documentos/Proyectos/codevar/codevar/crates/codevar-truetype-cff/src/lib.rs", "Rust", 0, 0, 0, 0, 0, 0, 0, 0, 0, 0, 0, 0, 14, 1, 15
"/home/tommicord/Documentos/Proyectos/codevar/codevar/crates/codevar-truetype-core/Cargo.toml", "TOML", 0, 0, 0, 17, 0, 0, 0, 0, 0, 0, 0, 0, 0, 3, 20
"/home/tommicord/Documentos/Proyectos/codevar/codevar/crates/codevar-truetype-core/src/lib.rs", "Rust", 0, 0, 0, 0, 0, 0, 0, 0, 0, 0, 3133, 0, 1035, 380, 4548
"/home/tommicord/Documentos/Proyectos/codevar/codevar/crates/codevar-truetype-glyf/Cargo.toml", "TOML", 0, 0, 0, 15, 0, 0, 0, 0, 0, 0, 0, 0, 0, 3, 18
"/home/tommicord/Documentos/Proyectos/codevar/codevar/crates/codevar-truetype-glyf/src/lib.rs", "Rust", 0, 0, 0, 0, 0, 0, 0, 0, 0, 0, 0, 0, 14, 1, 15
"/home/tommicord/Documentos/Proyectos/codevar/codevar/crates/codevar-truetype-gzip/Cargo.toml", "TOML", 0, 0, 0, 16, 0, 0, 0, 0, 0, 0, 0, 0, 0, 4, 20
"/home/tommicord/Documentos/Proyectos/codevar/codevar/crates/codevar-truetype-gzip/src/lib.rs", "Rust", 0, 0, 0, 0, 0, 0, 0, 0, 0, 0, 0, 0, 14, 1, 15
"/home/tommicord/Documentos/Proyectos/codevar/codevar/crates/codevar-truetype-pshinter/Cargo.toml", "TOML", 0, 0, 0, 13, 0, 0, 0, 0, 0, 0, 0, 0, 0, 3, 16
"/home/tommicord/Documentos/Proyectos/codevar/codevar/crates/codevar-truetype-pshinter/src/lib.rs", "Rust", 0, 0, 0, 0, 0, 0, 0, 0, 0, 0, 0, 0, 0, 2, 2
"/home/tommicord/Documentos/Proyectos/codevar/codevar/crates/codevar-truetype-psnames/Cargo.toml", "TOML", 0, 0, 0, 13, 0, 0, 0, 0, 0, 0, 0, 0, 0, 3, 16
"/home/tommicord/Documentos/Proyectos/codevar/codevar/crates/codevar-truetype-psnames/src/lib.rs", "Rust", 0, 0, 0, 0, 0, 0, 0, 0, 0, 0, 962, 0, 320, 154, 1436
"/home/tommicord/Documentos/Proyectos/codevar/codevar/crates/codevar-truetype-raster/Cargo.toml", "TOML", 0, 0, 0, 13, 0, 0, 0, 0, 0, 0, 0, 0, 0, 3, 16
"/home/tommicord/Documentos/Proyectos/codevar/codevar/crates/codevar-truetype-raster/src/lib.rs", "Rust", 0, 0, 0, 0, 0, 0, 0, 0, 0, 0, 0, 0, 14, 1, 15
"/home/tommicord/Documentos/Proyectos/codevar/codevar/crates/codevar-truetype-sfnt/Cargo.toml", "TOML", 0, 0, 0, 15, 0, 0, 0, 0, 0, 0, 0, 0, 0, 3, 18
"/home/tommicord/Documentos/Proyectos/codevar/codevar/crates/codevar-truetype-sfnt/src/lib.rs", "Rust", 0, 0, 0, 0, 0, 0, 0, 0, 0, 0, 0, 0, 14, 1, 15
"/home/tommicord/Documentos/Proyectos/codevar/codevar/crates/codevar-truetype-smooth/Cargo.toml", "TOML", 0, 0, 0, 13, 0, 0, 0, 0, 0, 0, 0, 0, 0, 3, 16
"/home/tommicord/Documentos/Proyectos/codevar/codevar/crates/codevar-truetype-smooth/src/lib.rs", "Rust", 0, 0, 0, 0, 0, 0, 0, 0, 0, 0, 0, 0, 14, 1, 15
"/home/tommicord/Documentos/Proyectos/codevar/codevar/crates/codevar-truetype-ttcore/Cargo.toml", "TOML", 0, 0, 0, 14, 0, 0, 0, 0, 0, 0, 0, 0, 0, 3, 17
"/home/tommicord/Documentos/Proyectos/codevar/codevar/crates/codevar-truetype-ttcore/src/lib.rs", "Rust", 0, 0, 0, 0, 0, 0, 0, 0, 0, 0, 0, 0, 14, 1, 15
"/home/tommicord/Documentos/Proyectos/codevar/codevar/crates/codevar-truetype/Cargo.toml", "TOML", 0, 0, 0, 23, 0, 0, 0, 0, 0, 0, 0, 0, 0, 3, 26
"/home/tommicord/Documentos/Proyectos/codevar/codevar/crates/codevar-truetype/src/lib.rs", "Rust", 0, 0, 0, 0, 0, 0, 0, 0, 0, 0, 0, 0, 0, 2, 2
"/home/tommicord/Documentos/Proyectos/codevar/codevar/crates/codevar-ui-core/Cargo.toml", "TOML", 0, 0, 0, 23, 0, 0, 0, 0, 0, 0, 0, 0, 0, 3, 26
"/home/tommicord/Documentos/Proyectos/codevar/codevar/crates/codevar-ui-core/examples/pixport_demo.rs", "Rust", 0, 0, 0, 0, 0, 0, 0, 0, 0, 0, 229, 0, 50, 23, 302
"/home/tommicord/Documentos/Proyectos/codevar/codevar/crates/codevar-ui-core/examples/render_hit.rs", "Rust", 0, 0, 0, 0, 0, 0, 0, 0, 0, 0, 672, 0, 172, 44, 888
"/home/tommicord/Documentos/Proyectos/codevar/codevar/crates/codevar-ui-core/examples/render_mix.rs", "Rust", 0, 0, 0, 0, 0, 0, 0, 0, 0, 0, 693, 0, 186, 47, 926
"/home/tommicord/Documentos/Proyectos/codevar/codevar/crates/codevar-ui-core/src/lib.rs", "Rust", 0, 0, 0, 0, 0, 0, 0, 0, 0, 0, 7, 0, 14, 4, 25
"/home/tommicord/Documentos/Proyectos/codevar/codevar/crates/codevar-ui-core/src/shaders/mix.frag", "GLSL", 0, 0, 0, 0, 0, 0, 0, 0, 0, 0, 0, 26, 24, 8, 58
"/home/tommicord/Documentos/Proyectos/codevar/codevar/crates/codevar-ui-core/src/shaders/mix.vert", "GLSL", 0, 0, 0, 0, 0, 0, 0, 0, 0, 0, 0, 7, 19, 4, 30
"/home/tommicord/Documentos/Proyectos/codevar/codevar/crates/codevar-ui-core/src/ui_base.rs", "Rust", 0, 0, 0, 0, 0, 0, 0, 0, 0, 0, 2771, 0, 1108, 268, 4147
"/home/tommicord/Documentos/Proyectos/codevar/codevar/crates/codevar-ui-core/src/ui_pipeline.rs", "Rust", 0, 0, 0, 0, 0, 0, 0, 0, 0, 0, 836, 0, 371, 75, 1282
"/home/tommicord/Documentos/Proyectos/codevar/codevar/crates/codevar-ui-core/src/ui_renderer.rs", "Rust", 0, 0, 0, 0, 0, 0, 0, 0, 0, 0, 964, 0, 499, 98, 1561
"/home/tommicord/Documentos/Proyectos/codevar/codevar/crates/codevar-ui-core/src/ui_terminal_pixport.rs", "Rust", 0, 0, 0, 0, 0, 0, 0, 0, 0, 0, 1601, 0, 405, 156, 2162
"/home/tommicord/Documentos/Proyectos/codevar/codevar/crates/codevar-ui-core/src/ui_wnd_shell.rs", "Rust", 0, 0, 0, 0, 0, 0, 0, 0, 0, 0, 0, 0, 14, 1, 15
"/home/tommicord/Documentos/Proyectos/codevar/codevar/crates/codevar-unwinding/Cargo.toml", "TOML", 0, 0, 0, 26, 0, 0, 0, 0, 0, 0, 0, 0, 0, 4, 30
"/home/tommicord/Documentos/Proyectos/codevar/codevar/crates/codevar-unwinding/src/lib.rs", "Rust", 0, 0, 0, 0, 0, 0, 0, 0, 0, 0, 2821, 0, 234, 200, 3255
"/home/tommicord/Documentos/Proyectos/codevar/codevar/crates/codevar-wl-protocol/Cargo.toml", "TOML", 0, 0, 0, 13, 0, 0, 0, 0, 0, 0, 0, 0, 0, 2, 15
"/home/tommicord/Documentos/Proyectos/codevar/codevar/crates/codevar-wl-protocol/examples/xdg_window.rs", "Rust", 0, 0, 0, 0, 0, 0, 0, 0, 0, 0, 310, 0, 65, 29, 404
"/home/tommicord/Documentos/Proyectos/codevar/codevar/crates/codevar-wl-protocol/src/lib.rs", "Rust", 0, 0, 0, 0, 0, 0, 0, 0, 0, 0, 29, 0, 30, 6, 65
"/home/tommicord/Documentos/Proyectos/codevar/codevar/crates/codevar-wl-protocol/src/wl_client.rs", "Rust", 0, 0, 0, 0, 0, 0, 0, 0, 0, 0, 892, 0, 209, 76, 1177
"/home/tommicord/Documentos/Proyectos/codevar/codevar/crates/codevar-wl-protocol/src/wl_conn.rs", "Rust", 0, 0, 0, 0, 0, 0, 0, 0, 0, 0, 661, 0, 154, 69, 884
"/home/tommicord/Documentos/Proyectos/codevar/codevar/crates/codevar-wl-protocol/src/wl_core.rs", "Rust", 0, 0, 0, 0, 0, 0, 0, 0, 0, 0, 427, 0, 92, 47, 566
"/home/tommicord/Documentos/Proyectos/codevar/codevar/crates/codevar-wl-protocol/src/wl_dmabuf.rs", "Rust", 0, 0, 0, 0, 0, 0, 0, 0, 0, 0, 441, 0, 88, 52, 581
"/home/tommicord/Documentos/Proyectos/codevar/codevar/crates/codevar-wl-protocol/src/wl_drm_syncobj.rs", "Rust", 0, 0, 0, 0, 0, 0, 0, 0, 0, 0, 344, 0, 61, 38, 443
"/home/tommicord/Documentos/Proyectos/codevar/codevar/crates/codevar-wl-protocol/src/wl_error.rs", "Rust", 0, 0, 0, 0, 0, 0, 0, 0, 0, 0, 130, 0, 43, 21, 194
"/home/tommicord/Documentos/Proyectos/codevar/codevar/crates/codevar-wl-protocol/src/wl_evloop.rs", "Rust", 0, 0, 0, 0, 0, 0, 0, 0, 0, 0, 541, 0, 150, 75, 766
"/home/tommicord/Documentos/Proyectos/codevar/codevar/crates/codevar-wl-protocol/src/wl_handle.rs", "Rust", 0, 0, 0, 0, 0, 0, 0, 0, 0, 0, 1337, 0, 327, 188, 1852
"/home/tommicord/Documentos/Proyectos/codevar/codevar/crates/codevar-wl-protocol/src/wl_server.rs", "Rust", 0, 0, 0, 0, 0, 0, 0, 0, 0, 0, 1301, 0, 281, 116, 1698
"/home/tommicord/Documentos/Proyectos/codevar/codevar/crates/codevar-wl-protocol/src/wl_unix.rs", "Rust", 0, 0, 0, 0, 0, 0, 0, 0, 0, 0, 463, 0, 226, 40, 729
"/home/tommicord/Documentos/Proyectos/codevar/codevar/crates/codevar-wl-protocol/src/wl_xdg_shell.rs", "Rust", 0, 0, 0, 0, 0, 0, 0, 0, 0, 0, 598, 0, 118, 54, 770
"/home/tommicord/Documentos/Proyectos/codevar/codevar/crates/codevar-wl-protocol/tests/client_server.rs", "Rust", 0, 0, 0, 0, 0, 0, 0, 0, 0, 0, 324, 0, 37, 45, 406
"/home/tommicord/Documentos/Proyectos/codevar/codevar/crates/codevar-wl-protocol/tests/core_protocol.rs", "Rust", 0, 0, 0, 0, 0, 0, 0, 0, 0, 0, 620, 0, 41, 43, 704
"/home/tommicord/Documentos/Proyectos/codevar/codevar/crates/codevar-wl-protocol/tests/linux_dmabuf.rs", "Rust", 0, 0, 0, 0, 0, 0, 0, 0, 0, 0, 754, 0, 77, 50, 881
"/home/tommicord/Documentos/Proyectos/codevar/codevar/crates/codevar-wl-protocol/tests/linux_drm_syncobj.rs", "Rust", 0, 0, 0, 0, 0, 0, 0, 0, 0, 0, 479, 0, 47, 35, 561
"/home/tommicord/Documentos/Proyectos/codevar/codevar/crates/codevar-wl-protocol/tests/unix_socket.rs", "Rust", 0, 0, 0, 0, 0, 0, 0, 0, 0, 0, 315, 0, 35, 46, 396
"/home/tommicord/Documentos/Proyectos/codevar/codevar/crates/codevar-wl-protocol/tests/xdg_toplevel.rs", "Rust", 0, 0, 0, 0, 0, 0, 0, 0, 0, 0, 510, 0, 34, 37, 581
"/home/tommicord/Documentos/Proyectos/codevar/codevar/crates/codevar-wredit/Cargo.toml", "TOML", 0, 0, 0, 10, 0, 0, 0, 0, 0, 0, 0, 0, 0, 1, 11
"/home/tommicord/Documentos/Proyectos/codevar/codevar/crates/codevar-wredit/src/lib.rs", "Rust", 0, 0, 0, 0, 0, 0, 0, 0, 0, 0, 0, 0, 0, 2, 2
"/home/tommicord/Documentos/Proyectos/codevar/codevar/crates/codevar-wsocket/Cargo.toml", "TOML", 0, 0, 0, 20, 0, 0, 0, 0, 0, 0, 0, 0, 0, 3, 23
"/home/tommicord/Documentos/Proyectos/codevar/codevar/crates/codevar-wsocket/src/lib.rs", "Rust", 0, 0, 0, 0, 0, 0, 0, 0, 0, 0, 26, 0, 14, 3, 43
"/home/tommicord/Documentos/Proyectos/codevar/codevar/crates/codevar-wsocket/src/ws_client.rs", "Rust", 0, 0, 0, 0, 0, 0, 0, 0, 0, 0, 484, 0, 70, 65, 619
"/home/tommicord/Documentos/Proyectos/codevar/codevar/crates/codevar-wsocket/src/ws_connection.rs", "Rust", 0, 0, 0, 0, 0, 0, 0, 0, 0, 0, 1069, 0, 118, 109, 1296
"/home/tommicord/Documentos/Proyectos/codevar/codevar/crates/codevar-wsocket/src/ws_error.rs", "Rust", 0, 0, 0, 0, 0, 0, 0, 0, 0, 0, 306, 0, 52, 34, 392
"/home/tommicord/Documentos/Proyectos/codevar/codevar/crates/codevar-wsocket/src/ws_frame.rs", "Rust", 0, 0, 0, 0, 0, 0, 0, 0, 0, 0, 880, 0, 83, 101, 1064
"/home/tommicord/Documentos/Proyectos/codevar/codevar/crates/codevar-wsocket/src/ws_handshake.rs", "Rust", 0, 0, 0, 0, 0, 0, 0, 0, 0, 0, 797, 0, 123, 88, 1008
"/home/tommicord/Documentos/Proyectos/codevar/codevar/crates/codevar-wsocket/src/ws_ids.rs", "Rust", 0, 0, 0, 0, 0, 0, 0, 0, 0, 0, 450, 0, 74, 46, 570
"/home/tommicord/Documentos/Proyectos/codevar/codevar/crates/codevar-wsocket/src/ws_message.rs", "Rust", 0, 0, 0, 0, 0, 0, 0, 0, 0, 0, 147, 0, 34, 26, 207
"/home/tommicord/Documentos/Proyectos/codevar/codevar/crates/codevar-wsocket/src/ws_server.rs", "Rust", 0, 0, 0, 0, 0, 0, 0, 0, 0, 0, 462, 0, 65, 68, 595
"/home/tommicord/Documentos/Proyectos/codevar/codevar/crates/codevar-wsocket/src/ws_stream.rs", "Rust", 0, 0, 0, 0, 0, 0, 0, 0, 0, 0, 488, 0, 53, 58, 599
"/home/tommicord/Documentos/Proyectos/codevar/codevar/crates/codevar-wsocket/src/ws_utf8.rs", "Rust", 0, 0, 0, 0, 0, 0, 0, 0, 0, 0, 319, 0, 58, 39, 416
"/home/tommicord/Documentos/Proyectos/codevar/codevar/crates/codevar-xdg-portal/Cargo.toml", "TOML", 0, 0, 0, 21, 0, 0, 0, 0, 0, 0, 0, 0, 0, 2, 23
"/home/tommicord/Documentos/Proyectos/codevar/codevar/crates/codevar-xdg-portal/src/lib.rs", "Rust", 0, 0, 0, 0, 0, 0, 0, 0, 0, 0, 28, 0, 14, 4, 46
"/home/tommicord/Documentos/Proyectos/codevar/codevar/crates/codevar-xdg-portal/src/xdp_account.rs", "Rust", 0, 0, 0, 0, 0, 0, 0, 0, 0, 0, 85, 0, 18, 21, 124
"/home/tommicord/Documentos/Proyectos/codevar/codevar/crates/codevar-xdg-portal/src/xdp_app_info.rs", "Rust", 0, 0, 0, 0, 0, 0, 0, 0, 0, 0, 1125, 0, 265, 124, 1514
"/home/tommicord/Documentos/Proyectos/codevar/codevar/crates/codevar-xdg-portal/src/xdp_clipboard.rs", "Rust", 0, 0, 0, 0, 0, 0, 0, 0, 0, 0, 232, 0, 19, 43, 294
"/home/tommicord/Documentos/Proyectos/codevar/codevar/crates/codevar-xdg-portal/src/xdp_context.rs", "Rust", 0, 0, 0, 0, 0, 0, 0, 0, 0, 0, 604, 0, 104, 57, 765
"/home/tommicord/Documentos/Proyectos/codevar/codevar/crates/codevar-xdg-portal/src/xdp_documents.rs", "Rust", 0, 0, 0, 0, 0, 0, 0, 0, 0, 0, 1132, 0, 333, 119, 1584
"/home/tommicord/Documentos/Proyectos/codevar/codevar/crates/codevar-xdg-portal/src/xdp_dynamic_launcher.rs", "Rust", 0, 0, 0, 0, 0, 0, 0, 0, 0, 0, 274, 0, 20, 53, 347
"/home/tommicord/Documentos/Proyectos/codevar/codevar/crates/codevar-xdg-portal/src/xdp_error.rs", "Rust", 0, 0, 0, 0, 0, 0, 0, 0, 0, 0, 146, 0, 48, 19, 213
"/home/tommicord/Documentos/Proyectos/codevar/codevar/crates/codevar-xdg-portal/src/xdp_flatpak.rs", "Rust", 0, 0, 0, 0, 0, 0, 0, 0, 0, 0, 243, 0, 62, 45, 350
"/home/tommicord/Documentos/Proyectos/codevar/codevar/crates/codevar-xdg-portal/src/xdp_memory_monitor.rs", "Rust", 0, 0, 0, 0, 0, 0, 0, 0, 0, 0, 99, 0, 24, 22, 145
"/home/tommicord/Documentos/Proyectos/codevar/codevar/crates/codevar-xdg-portal/src/xdp_method_info.rs", "Rust", 0, 0, 0, 0, 0, 0, 0, 0, 0, 0, 766, 0, 37, 15, 818
"/home/tommicord/Documentos/Proyectos/codevar/codevar/crates/codevar-xdg-portal/src/xdp_network_monitor.rs", "Rust", 0, 0, 0, 0, 0, 0, 0, 0, 0, 0, 218, 0, 24, 48, 290
"/home/tommicord/Documentos/Proyectos/codevar/codevar/crates/codevar-xdg-portal/src/xdp_notification.rs", "Rust", 0, 0, 0, 0, 0, 0, 0, 0, 0, 0, 135, 0, 19, 26, 180
"/home/tommicord/Documentos/Proyectos/codevar/codevar/crates/codevar-xdg-portal/src/xdp_permissions.rs", "Rust", 0, 0, 0, 0, 0, 0, 0, 0, 0, 0, 272, 0, 93, 32, 397
"/home/tommicord/Documentos/Proyectos/codevar/codevar/crates/codevar-xdg-portal/src/xdp_portal_config.rs", "Rust", 0, 0, 0, 0, 0, 0, 0, 0, 0, 0, 804, 0, 147, 80, 1031
"/home/tommicord/Documentos/Proyectos/codevar/codevar/crates/codevar-xdg-portal/src/xdp_proxy_resolver.rs", "Rust", 0, 0, 0, 0, 0, 0, 0, 0, 0, 0, 110, 0, 24, 21, 155
"/home/tommicord/Documentos/Proyectos/codevar/codevar/crates/codevar-xdg-portal/src/xdp_registry.rs", "Rust", 0, 0, 0, 0, 0, 0, 0, 0, 0, 0, 105, 0, 25, 24, 154
"/home/tommicord/Documentos/Proyectos/codevar/codevar/crates/codevar-xdg-portal/src/xdp_remote_desktop.rs", "Rust", 0, 0, 0, 0, 0, 0, 0, 0, 0, 0, 561, 0, 27, 55, 643
"/home/tommicord/Documentos/Proyectos/codevar/codevar/crates/codevar-xdg-portal/src/xdp_request.rs", "Rust", 0, 0, 0, 0, 0, 0, 0, 0, 0, 0, 148, 0, 42, 20, 210
"/home/tommicord/Documentos/Proyectos/codevar/codevar/crates/codevar-xdg-portal/src/xdp_screenshot.rs", "Rust", 0, 0, 0, 0, 0, 0, 0, 0, 0, 0, 124, 0, 18, 29, 171
"/home/tommicord/Documentos/Proyectos/codevar/codevar/crates/codevar-xdg-portal/src/xdp_session.rs", "Rust", 0, 0, 0, 0, 0, 0, 0, 0, 0, 0, 147, 0, 45, 20, 212
"/home/tommicord/Documentos/Proyectos/codevar/codevar/crates/codevar-xdg-portal/src/xdp_trash.rs", "Rust", 0, 0, 0, 0, 0, 0, 0, 0, 0, 0, 215, 0, 23, 22, 260
"/home/tommicord/Documentos/Proyectos/codevar/codevar/crates/codevar-xdg-portal/src/xdp_uri.rs", "Rust", 0, 0, 0, 0, 0, 0, 0, 0, 0, 0, 192, 0, 18, 41, 251
"/home/tommicord/Documentos/Proyectos/codevar/codevar/crates/codevar-xdg-portal/src/xdp_usb.rs", "Rust", 0, 0, 0, 0, 0, 0, 0, 0, 0, 0, 310, 0, 24, 49, 383
"/home/tommicord/Documentos/Proyectos/codevar/codevar/crates/codevar-xdg-portal/src/xdp_utils.rs", "Rust", 0, 0, 0, 0, 0, 0, 0, 0, 0, 0, 1270, 0, 270, 126, 1666
"/home/tommicord/Documentos/Proyectos/codevar/codevar/crates/codevar-xdg-portal/src/xdp_validate.rs", "Rust", 0, 0, 0, 0, 0, 0, 0, 0, 0, 0, 245, 0, 66, 37, 348
"/home/tommicord/Documentos/Proyectos/codevar/codevar/crates/codevar-xdg-portal/src/xdp_wallpaper.rs", "Rust", 0, 0, 0, 0, 0, 0, 0, 0, 0, 0, 131, 0, 18, 29, 178
"/home/tommicord/Documentos/Proyectos/codevar/codevar/docker-compose.yml", "YAML", 0, 0, 11, 0, 0, 0, 0, 0, 0, 0, 0, 0, 0, 1, 12
"/home/tommicord/Documentos/Proyectos/codevar/codevar/docker/build.sh", "Shell Script", 89, 0, 0, 0, 0, 0, 0, 0, 0, 0, 0, 0, 11, 15, 115
"/home/tommicord/Documentos/Proyectos/codevar/codevar/docker/docker-compose.yml", "YAML", 0, 0, 55, 0, 0, 0, 0, 0, 0, 0, 0, 0, 14, 7, 76
"/home/tommicord/Documentos/Proyectos/codevar/codevar/docker/linux/Dockerfile", "Docker", 0, 25, 0, 0, 0, 0, 0, 0, 0, 0, 0, 0, 11, 10, 46
"/home/tommicord/Documentos/Proyectos/codevar/codevar/docker/macos/Dockerfile", "Docker", 0, 27, 0, 0, 0, 0, 0, 0, 0, 0, 0, 0, 18, 13, 58
"/home/tommicord/Documentos/Proyectos/codevar/codevar/docker/wasm/Dockerfile", "Docker", 0, 23, 0, 0, 0, 0, 0, 0, 0, 0, 0, 0, 17, 11, 51
"/home/tommicord/Documentos/Proyectos/codevar/codevar/docker/windows/Dockerfile", "Docker", 0, 26, 0, 0, 0, 0, 0, 0, 0, 0, 0, 0, 16, 11, 53
"/home/tommicord/Documentos/Proyectos/codevar/codevar/gradle.properties", "Java Properties", 0, 0, 0, 0, 0, 0, 0, 3, 0, 0, 0, 0, 0, 1, 4
"/home/tommicord/Documentos/Proyectos/codevar/codevar/gradle/gradle-daemon-jvm.properties", "Java Properties", 0, 0, 0, 0, 0, 0, 0, 11, 0, 0, 0, 0, 1, 1, 13
"/home/tommicord/Documentos/Proyectos/codevar/codevar/gradle/wrapper/gradle-wrapper.properties", "Java Properties", 0, 0, 0, 0, 0, 0, 0, 7, 0, 0, 0, 0, 0, 1, 8
"/home/tommicord/Documentos/Proyectos/codevar/codevar/gradlew.bat", "Batch", 0, 0, 0, 0, 41, 0, 0, 0, 0, 0, 0, 0, 32, 22, 95
"/home/tommicord/Documentos/Proyectos/codevar/codevar/rust-toolchain.toml", "TOML", 0, 0, 0, 3, 0, 0, 0, 0, 0, 0, 0, 0, 0, 0, 3
"/home/tommicord/Documentos/Proyectos/codevar/codevar/settings.gradle", "Gradle", 0, 0, 0, 0, 0, 19, 0, 0, 0, 0, 0, 0, 0, 3, 22
"Total", "-", 89, 120, 121, 2457, 41, 115, 576, 21, 24, 13, 93652, 33, 20809, 10825, 128896